{
  "id": "",
  "is_default": false,
  "colors": {
    "primary": "#4D3829",
    "light-primary": "#000000",
    "dark-primary": "#D0021B",
    "secondary": "#DEC435",
    "body-background": "#FFFFFF",
    "success": "#00C853",
    "info": "#40C4FF",
    "warning": "#FFAB00",
    "danger": "#F44336"
  },
  "theme_setting": {
    "store_settings": {
      "is_coupon_visible": true,
      "currencyPrecision": false,
      "header": {
        "notice": {
          "mobile": {
            "above": true,
            "enabled": true,
            "content": "<p style=\"text-align: center;\"><strong><span style=\"font-size: 18px; color: rgb(241, 218, 185);\">المتجر الأول&nbsp;</span></strong><strong><span style=\"font-size: 18px; color: rgb(241, 218, 185);\">بالمغرب</span></strong> :<span style=\"font-size: 18px;\">&nbsp;افضل العروض و<strong>&nbsp;</strong>التوصيل&nbsp;</span><strong><span style=\"font-size: 18px;\">بالمجان</span></strong></p>",
            "color": "#ffffff",
            "bgColor": "#4D3829"
          },
          "desktop": {
            "above": true,
            "enabled": true,
            "content": "<p><strong><span style=\"font-size: 18px; color: rgb(241, 218, 185);\">المتجر الأول&nbsp;</span></strong><strong><span style=\"font-size: 18px; color: rgb(241, 218, 185);\">بالمغرب</span></strong> :<span style=\"font-size: 18px;\">&nbsp;افضل العروض و<strong>&nbsp;</strong>التوصيل&nbsp;</span><strong><span style=\"font-size: 18px;\">بالمجان</span></strong></p>",
            "color": "#ffffff",
            "bgColor": "#4D3829"
          }
        },
        "mobile": {
          "left": [
            "burger_menu"
          ],
          "center": [],
          "right": [
            "store_logo",
            "user_button",
            "cart_dropdown"
          ],
          "color": {
            "background": "#FFFFFF",
            "icons": "#000000"
          },
          "border": {
            "exists": false,
            "color": "#f0f0f0"
          }
        },
        "desktop": {
          "left": [
            "burger_menu",
            "store_logo"
          ],
          "center": [
            "menu"
          ],
          "right": [
            "search_icon",
            "user_button",
            "cart_dropdown"
          ],
          "color": {
            "background": "#FFFFFF",
            "icons": "#4D3829"
          },
          "border": {
            "exists": false,
            "color": "#f0f0f0"
          }
        }
      },
      "footer": {
        "custom": false,
        "style": {
          "color": {
            "background": "#fefefe",
            "text": "#000000"
          },
          "border": {
            "exists": true,
            "color": "#f0f0f0"
          }
        },
        "content": "<p>bla bla</p>"
      },
      "font": {
        "menu": {
          "text": "Cairo",
          "value": "Cairo",
          "category": "sans-serif"
        },
        "body": {
          "text": "Cairo",
          "value": "Cairo",
          "category": "sans-serif"
        }
      },
      "breadcrumbs": {
        "global": false,
        "checkout": false
      }
    },
    "checkout_settings": {
      "one_page_checkout": false
    },
    "product_settings": {
      "enable_reviews": true,
      "skip_to_checkout": false,
      "sticky_on_mobile": false,
      "sticky_on_desktop": false,
      "read_more": false,
      "enable_facebook_share": true,
      "enable_twitter_share": false,
      "enable_whatssap_share": true,
      "enable_product_quantity_selector": true,
      "related_products_section": true,
      "direct_add_to_cart": true,
      "cart_text": "اضغط هنا للطلب",
      "sections": [
        {
          "key": "title",
          "show": true
        },
        {
          "key": "preview",
          "show": true
        },
        {
          "key": "price",
          "show": true
        },
        {
          "key": "variants",
          "show": true
        },
        {
          "key": "scarcity",
          "show": true
        },
        {
          "key": "visitors",
          "show": true
        },
        {
          "key": "countdown",
          "show": true
        },
        {
          "key": "description",
          "show": true
        },
        {
          "key": "express-checkout",
          "show": false
        },
        {
          "key": "add_to_cart",
          "show": true
        }
      ],
      "visitors": {
        "max": "30",
        "min": "10"
      },
      "fakeStock": {
        "max": 10,
        "min": 5
      },
      "time": {
        "days": 0,
        "hours": 1,
        "minutes": 0,
        "seconds": 0
      },
      "style": {
        "padding": {
          "top": 30,
          "bottom": 30
        },
        "background": {
          "color": "#ffffff"
        },
        "text": {
          "color": "#000000"
        },
        "link": {
          "color": "#803160"
        },
        "title": {
          "color": "#000000"
        },
        "price": {
          "before": {
            "color": "#747474"
          },
          "after": {
            "color": "#803160"
          }
        },
        "addToCart": {
          "text": {
            "color": "#ffffff"
          },
          "background": {
            "color": "#ff0000"
          },
          "border": {
            "color": "transparent"
          },
          "hover": {
            "text": {
              "color": "#ffffff"
            },
            "background": {
              "color": "#ff0000"
            },
            "border": {
              "color": "transparent"
            }
          }
        },
        "quantityButtons": {
          "text": {
            "color": "#333333"
          },
          "background": {
            "color": "#f0f0f0"
          },
          "border": {
            "color": "#f0f0f0"
          },
          "hover": {
            "text": {
              "color": "#333333"
            },
            "background": {
              "color": "#f0f0f0"
            },
            "border": {
              "color": "f0f0f0"
            }
          }
        },
        "primary": {
          "color": "#803160"
        },
        "secondary": {
          "color": "#ff0000"
        },
        "option": {
          "border": {
            "color": "#000000"
          }
        }
      },
      "cart_safe_badges": null
    },
    "pages_settings": {
      "home": [
        {
          "id": "section-tko9og1605268134368",
          "type": 3,
          "settings": {
            "title": "افضل عروض اليوم",
            "subtitle": null,
            "categories": [{"id": "80818753-0d38-4353-a173-22d98a70f105","name":"change me"},{"id": "80818753-0d38-4353-a173-22d98a70f105","name":"change me"}],
            "style": {
              "padding": {
                "top": "30",
                "bottom": "30"
              },
              "background": {
                "color": "#FFFFFF"
              },
              "title": {
                "color": "#FFFFFF"
              },
              "subtitle": {
                "color": "#FFFFFF"
              },
              "item": {
                "title": {
                  "color": "#FFFFFF"
                }
              }
            }
          }
        },
        {
          "id": "section-64k4tl1605272928327",
          "type": 7,
          "settings": {
            "products": [{"id": "638f7e78-fd45-4e25-9c6f-27fcc7f36370","name":"change me"},{"id": "638f7e78-fd45-4e25-9c6f-27fcc7f36370","name":"change me"},{"id": "638f7e78-fd45-4e25-9c6f-27fcc7f36370","name":"change me"}],
            "title": "المنتجات الاكتر مشاهدة",
            "subtitle": null,
            "type": "slider",
            "limit": 10,
            "showLoadMore": true,
            "style": {
              "padding": {
                "top": 30,
                "bottom": 30
              },
              "background": {
                "color": "#ffffff"
              },
              "text": {
                "color": "#000000"
              },
              "title": {
                "color": "#000000"
              },
              "subtitle": {
                "color": "#696969"
              },
              "item": {
                "price": {
                  "before": {
                    "color": "#747474"
                  },
                  "after": {
                    "color": "#4D3829"
                  }
                },
                "title": {
                  "color": "#000000"
                },
                "border": {
                  "color": "#f0f0f0",
                  "hover": {
                    "color": "#4D3829"
                  }
                },
                "background": {
                  "color": "#ffffff00"
                },
                "button": {
                  "text": {
                    "color": "#4D3829"
                  },
                  "background": {
                    "color": "#ffffff"
                  },
                  "border": {
                    "color": "#4D3829"
                  },
                  "hover": {
                    "text": {
                      "color": "#FFFFFF"
                    },
                    "background": {
                      "color": "#4D3829"
                    },
                    "border": {
                      "color": "#ffffff"
                    }
                  }
                }
              },
              "button": {
                "text": {
                  "color": "#696969"
                },
                "background": {
                  "color": "#ffffff"
                },
                "border": {
                  "color": "#f0f0f0"
                },
                "hover": {
                  "text": {
                    "color": "#803160"
                  },
                  "background": {
                    "color": "#ffffff"
                  },
                  "border": {
                    "color": "#803160"
                  }
                }
              }
            }
          }
        },
        {
          "id": "section-s8fd41605282895076",
          "type": 2,
          "settings": {
            "product": {"id": "80818753-0d38-4353-a173-22d98a70f105","name":"change me"},
            "showReviews": false,
            "stickyOnMobile": false,
            "stickyOnDesktop": false,
            "style": {
              "padding": {
                "top": 30,
                "bottom": 30
              },
              "background": {
                "color": "#ffffff"
              },
              "text": {
                "color": "#000000"
              },
              "link": {
                "color": "#803160"
              },
              "title": {
                "color": "#000000"
              },
              "price": {
                "before": {
                  "color": "#747474"
                },
                "after": {
                  "color": "#803160"
                }
              },
              "addToCart": {
                "text": {
                  "color": "#ffffff"
                },
                "background": {
                  "color": "#ff0000"
                },
                "border": {
                  "color": "#ff0000"
                },
                "hover": {
                  "text": {
                    "color": "#ffffff"
                  },
                  "background": {
                    "color": "#ff0000"
                  },
                  "border": {
                    "color": "#ff0000"
                  }
                }
              },
              "quantityButtons": {
                "text": {
                  "color": "#333333"
                },
                "background": {
                  "color": "#f0f0f0"
                },
                "border": {
                  "color": "#f0f0f0"
                },
                "hover": {
                  "text": {
                    "color": "#333333"
                  },
                  "background": {
                    "color": "#f0f0f0"
                  },
                  "border": {
                    "color": "f0f0f0"
                  }
                }
              },
              "primary": {
                "color": "#803160"
              },
              "secondary": {
                "color": "#ff0000"
              },
              "option": {
                "border": {
                  "color": "#000000"
                }
              }
            }
          }
        },
        {
          "id": "section-ii632i1605273098009",
          "type": 6,
          "settings": {
            "contentBoxes": [
              {
                "icon": {
                  "bgColor": "#29B6AC",
                  "color": "#ffffff",
                  "class": "fa-dropbox"
                },
                "title": {
                  "color": "#000000",
                  "content": "منتجات بجودة عالية"
                },
                "description": {
                  "color": "#000000",
                  "content": null
                },
                "action": {
                  "url": null,
                  "text": null
                }
              },
              {
                "icon": {
                  "bgColor": "#29B6AC",
                  "color": "#ffffff",
                  "class": "fa-diamond"
                },
                "title": {
                  "color": "#000000",
                  "content": "افضل الأسعار"
                },
                "description": {
                  "color": "#000000",
                  "content": null
                },
                "action": {
                  "url": null,
                  "text": null
                }
              },
              {
                "icon": {
                  "bgColor": "#29B6AC",
                  "color": "#ffffff",
                  "class": "fa-motorcycle"
                },
                "title": {
                  "color": "#000000",
                  "content": "شحن مجاني"
                },
                "description": {
                  "color": "#000000",
                  "content": null
                },
                "action": {
                  "url": null,
                  "text": null
                }
              }
            ],
            "title": "متجركم",
            "subtitle": "متجر مميز لخدمتكم",
            "style": {
              "padding": {
                "top": 30,
                "bottom": 30
              },
              "background": {
                "color": "#ffffff"
              },
              "title": {
                "color": "#000000"
              },
              "subtitle": {
                "color": "#696969"
              },
              "button": {
                "text": {
                  "color": "#ffffff"
                },
                "background": {
                  "color": "#803160"
                },
                "border": {
                  "color": "#803160"
                },
                "hover": {
                  "text": {
                    "color": "#ffffff"
                  },
                  "background": {
                    "color": "#803160"
                  },
                  "border": {
                    "color": "#803160"
                  }
                }
              }
            }
          }
        },
        {
          "id": "section-5wcffy1605272206330",
          "type": 1,
          "settings": {
            "categoryId": {"id": "80818753-0d38-4353-a173-22d98a70f105","name":"change me"},
            "title": "المنتجات الأفضل مبيعاً",
            "subtitle": null,
            "type": "style-2",
            "limit": 10,
            "showLoadMore": true,
            "style": {
              "padding": {
                "top": 30,
                "bottom": 30
              },
              "background": {
                "color": "#ffffff"
              },
              "text": {
                "color": "#000000"
              },
              "title": {
                "color": "#000000"
              },
              "subtitle": {
                "color": "#696969"
              },
              "item": {
                "price": {
                  "before": {
                    "color": "#747474"
                  },
                  "after": {
                    "color": "#803160"
                  }
                },
                "title": {
                  "color": "#000000"
                },
                "border": {
                  "color": "#f0f0f0",
                  "hover": {
                    "color": "#803160"
                  }
                },
                "background": {
                  "color": "#ffffff00"
                },
                "button": {
                  "text": {
                    "color": "#803160"
                  },
                  "background": {
                    "color": "#ffffff"
                  },
                  "border": {
                    "color": "#803160"
                  },
                  "hover": {
                    "text": {
                      "color": "#803160"
                    },
                    "background": {
                      "color": "#803160"
                    },
                    "border": {
                      "color": "#ffffff"
                    }
                  }
                }
              },
              "button": {
                "text": {
                  "color": "#696969"
                },
                "background": {
                  "color": "#ffffff"
                },
                "border": {
                  "color": "#f0f0f0"
                },
                "hover": {
                  "text": {
                    "color": "#803160"
                  },
                  "background": {
                    "color": "#ffffff"
                  },
                  "border": {
                    "color": "#803160"
                  }
                }
              }
            }
          }
        },
        {
          "id": "section-481uagp1605264801457",
          "type": 8,
          "settings": {
            "title": "آراء العملاء",
            "subtitle": "ارضائكم هدفنا",
            "product": {
              "id": "6bb26c56-1e7f-4e1b-8f11-1152693d77de",
              "name": "testimonials",
              "thumbnail": null
            },
            "style": {
              "padding": {
                "top": 30,
                "bottom": 30
              },
              "background": {
                "color": "#ffffff"
              },
              "text": {
                "color": "#000000"
              },
              "title": {
                "color": "#000000"
              },
              "subtitle": {
                "color": "#696969"
              },
              "button": {
                "text": {
                  "color": "#696969"
                },
                "background": {
                  "color": "#ffffff"
                },
                "border": {
                  "color": "#f0f0f0"
                },
                "hover": {
                  "text": {
                    "color": "#803160"
                  },
                  "background": {
                    "color": "#ffffff"
                  },
                  "border": {
                    "color": "#803160"
                  }
                }
              }
            }
          }
        }
      ]
    }
  }
}